{
  "summary": {
    "total_operations": 195,
    "total_time": 0.015903649502433836,
    "avg_time": 8.155717693555813e-05
  },
  "by_operation": {
    "layer_norm": {
      "count": 85,
      "total_time": 0.002845164737664163,
      "avg_time": 3.347252632546074e-05,
      "percentage": 17.890011580227227
    },
    "linear_[768, 256]": {
      "count": 20,
      "total_time": 0.0008733941940590739,
      "avg_time": 4.36697097029537e-05,
      "percentage": 5.491784724791708
    },
    "linear_[256, 256]": {
      "count": 20,
      "total_time": 0.0008250130340456963,
      "avg_time": 4.1250651702284816e-05,
      "percentage": 5.18757052536551
    },
    "linear_[1024, 256]": {
      "count": 40,
      "total_time": 0.0018599678296595812,
      "avg_time": 4.649919574148953e-05,
      "percentage": 11.695226491095259
    },
    "linear_[256, 1024]": {
      "count": 20,
      "total_time": 0.0016509128035977483,
      "avg_time": 8.254564017988742e-05,
      "percentage": 10.38071672382555
    },
    "softmax": {
      "count": 5,
      "total_time": 0.00013679498806595802,
      "avg_time": 2.7358997613191605e-05,
      "percentage": 0.8601484083576126
    },
    "additional_computation": {
      "count": 5,
      "total_time": 0.007712401915341616,
      "avg_time": 0.001542480383068323,
      "percentage": 48.49454154633713
    }
  },
  "by_layer": {
    "layers.0": {
      "count": 45,
      "total_time": 0.001986775896511972,
      "avg_time": 4.415057547804382e-05
    },
    "layers.1": {
      "count": 45,
      "total_time": 0.0018835350638255477,
      "avg_time": 4.185633475167884e-05
    },
    "layers.2": {
      "count": 45,
      "total_time": 0.0021105699706822634,
      "avg_time": 4.69015549040503e-05
    },
    "layers.3": {
      "count": 60,
      "total_time": 0.009922768571414053,
      "avg_time": 0.00016537947619023422
    }
  }
}